Date,Platform,Post Type,Impressions,Engagements,Clicks,Shares,Comments,Likes,Reach,Conversion Rate (%),Campaign Type,Content Theme
2024-02-01,LinkedIn,Product Update,25000,1200,450,85,32,580,18500,2.8,Product Launch,TechCorp Analytics 2.0
2024-02-02,Twitter,Tech Tip,15000,800,220,120,45,410,12000,1.5,Educational,Cloud Security
2024-02-03,Facebook,Customer Story,18000,950,380,95,28,520,14500,2.1,Social Proof,Success Stories
2024-02-04,Instagram,Company Culture,12000,1500,180,65,95,1150,9800,1.2,Brand Awareness,Office Life
2024-02-05,LinkedIn,Industry News,22000,1100,420,110,42,520,17500,2.4,Thought Leadership,AI Trends
2024-02-06,Twitter,Product Demo,13500,750,280,85,38,350,11000,1.8,Product Feature,Mobile App
2024-02-07,Facebook,Event Promotion,16000,850,320,75,35,480,13200,2.2,Event Marketing,Tech Summit
2024-02-08,Instagram,Behind Scenes,11000,1300,150,55,85,980,9000,1.1,Brand Building,Team Spotlight
2024-02-09,LinkedIn,White Paper,28000,1400,580,130,48,640,21000,3.2,Lead Generation,Cloud Migration
2024-02-10,Twitter,Quick Poll,14500,950,180,140,180,425,12500,1.4,Engagement,User Preferences
2024-02-11,Facebook,Tutorial,17500,880,350,88,42,495,14800,2.0,Educational,Product Tips
2024-02-12,Instagram,Product Preview,13000,1600,220,70,110,1250,10500,1.3,Product Launch,New Features
2024-02-13,LinkedIn,Case Study,26000,1250,490,115,45,585,19500,2.9,Lead Generation,Enterprise Success
2024-02-14,Twitter,Company News,16500,780,250,95,52,380,13800,1.6,Brand News,Partnership
2024-02-15,Facebook,Community Post,19000,920,340,92,65,510,15200,1.9,Community Building,User Group 